key,value
touch_raw_x_min,130
touch_raw_x_max,3990
touch_raw_y_min,230
touch_raw_y_max,3805
touch_swap_xy,0
touch_invert_x,1
touch_invert_y,0
vfo_hz,96500000
mode,WFM
tune_step_hz,100000
audio_bw,4K0
volume_db_x2,-48
nonwfm_use_48k,0
ms5351_xtal_hz,25999921
pga_gain_db_x2,40
spectrum_smooth_pct,45
speaker_enabled,1
backlight_pct,60
spectrum_style,LINE
spectrum_palette,TURBO
spec_trace_white,1
att_rin_level,0
tema_idx,1
agc_profile,3
squelch_db,0
nr_strength,320
nb_level,0
rf_agc_on,1
spec_db_min,72
spec_db_max,99
spec_autoscale,0
spec_zoom,0
spec_contour,5
touch_firmeza,3
wfm_ifbw,0
rtty_shift_hz,450
rtty_baud_idx,1
rtty_inverted,0
cw_tone_hz,600
cw_wpm_idx,2
cw_autotune,1
wf_speed,60
audio_analyzer,0
nco,0
rds,1
spec_bridge,1
wefax_lpm_idx,2
auto_notch,0
filtro_ssb,4000
filtro_am,4000
filtro_sam,4000
filtro_nfm,6000



































































































































































































































































































































































































































































































































































































































































































































