# version,crc32 del ultimo update.bin generado con ese numero.
# Lo escribe tools/cabecera.py. Ver avisa_version().
BOOT v2.1,2E551F89
BOOT v2.10,7F84246A
BOOT v2.11,953AD98D
BOOT v2.12,2166B859
BOOT v2.13,7DFF85CC
BOOT v2.14,D1D06EA5
BOOT v2.15,8E89947C
BOOT v2.2,E3605ECB
BOOT v2.3,68CD4C92
BOOT v2.4,9923196A
BOOT v2.5,9151725C
BOOT v2.6,6BADB1B4
BOOT v2.7,1F966E32
BOOT v2.8,61FFF84A
BOOT v2.9,9F0BDE62
V3.01,B7CC1046
V3.02,42E32233
V3.03,4581A283
V3.04,DC6C6C78
V3.05,F854B344
V3.06,A0C8AB7C
V3.07,D362F872
V3.08,48237DB1
V3.09,42E80723
V3.10,3A51A3E9
V3.11,BAFE08A9
V3.12,F61821BE
V3.13,6914529F
V3.14,54B08ABF
V3.15,DBF13B05
V3.16,EB8002FD
V3.17,A4C47F3F
V3.18,12C11381
V3.19,C58839FC
V3.20,FE2C5019
V3.21,D27795FD
V3.22,8B083C4F
V3.23,6BCEF60E
V3.24,9DA152EC
V3.25,7353F527
V3.26,A80F804A
V3.27,38B468D9
V3.28,41D8C78F
V3.29,3B9CC7C7
V3.30,D0F17D15
V3.31,1EC38F81
V3.32,072BC5F6
V3.33,381B0DC8
V3.34,CF141BB8
V3.35,93396E57
V3.36,307290E9
V3.37,2F53EB68
V3.38,0DE55347
V3.39,D121CB4D
V3.40,312C789E
V3.41,E808D8BE
V3.42,E2D6F4F9
V3.43,FE646867
V3.44,DCDA05A9
V3.45,D6D3007C
V3.46,F3F29C37
V3.47,2DE7D0B1
V3.48,DC186C44
V3.49,899A81CB
V3.50,B5CD29E9
V3.51,C415A67D
V3.52,C08A78DB
V3.53,59A86EA5
V3.54,6E929DB4
V3.55,819ECD4D
V3.56,3BB4E1DF
V3.57,609E8F4E
V3.58,834ED554
V3.59,E5DDA6D3
V3.60,09988905
